,name,score
0,LogisticRegression,0.9428465392466134
1,RandomForest,0.977732417888291
2,DecisionTree,0.976990165151234
3,SVC,0.9721655223603637
4,KNeighbors,0.949341250695862
5,MLPClassifier,0.9691965114121358
